refNo,collectDate,subjEmail,cenTract,ageRange,score
1000702,10/17/2016,libero.et.tristique@quisdiamluctus.net,40146,30,502
1000703,2/12/2015,dui.nec@augue.org,17223,17,856
1000704,6/20/2016,molestie@molestietellusAenean.com,49443,60,173
1000705,11/13/2015,lectus@pharetrautpharetra.edu,39935,17,665
1000706,7/7/2015,lacus.Etiam@Aliquamvulputateullamcorper.net,37487,60,629
1000707,6/8/2016,sollicitudin.commodo@gravida.edu,82597,60,1132
1000708,4/12/2015,vitae.sodales@nonhendreritid.net,97828,65,952
1000709,9/29/2016,eu.accumsan.sed@placerategetvenenatis.com,24982,17,271
1000710,5/23/2016,odio.sagittis@ullamcorper.edu,62748,20,986
1000711,5/21/2016,vel.arcu.Curabitur@Donec.com,95004,40,392
1000712,12/28/2015,ac.eleifend.vitae@viverra.com,02820,30,393
1000713,3/29/2016,ligula.Donec@Curabitur.com,40676,65,450
1000714,12/27/2015,magna.nec.quam@luctus.com,44493,60,630
1000715,6/2/2016,Fusce@utpharetrased.org,30838,50,555
1000716,12/5/2016,metus.sit@duinec.com,48140,40,1352
1000717,7/8/2016,velit@In.edu,95801,17,1364
1000718,3/28/2016,urna.Ut.tincidunt@pede.com,92028,17,279
1000719,9/7/2016,gravida@luctuset.net,31171,60,178
1000720,12/25/2016,ultricies.dignissim@libero.com,91845,30,451
1000721,1/30/2016,a.ultricies@sagittisDuisgravida.org,02529,40,350
1000722,2/7/2016,massa@mi.com,46567,20,660
1000723,5/2/2016,Nulla@mus.com,59928,60,1364
1000724,12/29/2016,adipiscing@eget.org,04195,20,325
1000725,6/27/2015,arcu.Morbi@Nullamutnisi.net,06574,17,184
1000726,2/25/2015,et.arcu@Proinsedturpis.org,24384,60,971
1000727,12/24/2015,adipiscing.ligula@ullamcorperDuis.net,04121,17,349
1000728,7/22/2016,enim.Etiam.gravida@consectetuer.com,21959,50,744
1000729,11/13/2016,dis.parturient@Nulla.org,15239,17,1313
1000730,5/21/2015,Integer@lacusEtiam.com,34940,17,25
1000731,1/14/2016,congue.a.aliquet@etmalesuadafames.org,09313,20,276
1000732,2/25/2016,ac.arcu@ipsumcursusvestibulum.edu,02796,60,185
1000733,3/28/2016,a.ultricies@pede.org,02474,65,312
1000734,4/27/2016,dignissim.lacus.Aliquam@aenimSuspendisse.org,15026,40,285
1000735,9/7/2015,parturient.montes.nascetur@consectetuer.edu,64445,65,437
1000736,2/2/2016,Donec@Integer.edu,17067,50,696
1000737,11/18/2015,mi.ac.mattis@pretiumneque.org,48774,65,175
1000738,1/2/2016,Donec@et.org,16825,17,597
1000739,4/17/2015,et.magnis.dis@necmalesuada.com,24408,50,671
1000740,12/27/2015,primis.in.faucibus@non.edu,68531,20,1251
1000741,10/21/2015,a@faucibus.edu,02777,30,328
1000742,4/28/2016,imperdiet.ornare@cursusin.com,32791,30,1290
1000743,2/2/2015,orci@congueturpis.com,62955,17,486
1000744,11/11/2015,fermentum.risus@Vivamuseuismodurna.edu,29123,60,1037
1000745,6/18/2015,aliquam.eros@ametultricies.net,04682,20,171
1000746,11/22/2015,consequat.lectus.sit@faucibusorci.com,09891,30,111
1000747,5/6/2015,natoque@posuerevulputate.com,52967,40,655
1000748,12/22/2016,ornare@nonhendrerit.com,64301,50,1235
1000749,5/31/2016,venenatis.lacus@aliquetProin.com,95960,40,1346
1000750,4/4/2016,nec.quam.Curabitur@SeddictumProin.net,53555,20,1156
1000751,9/8/2015,at.pede.Cras@faucibusleoin.com,07925,17,35
1000752,1/9/2017,placerat@Proin.com,67636,17,605
1000753,10/12/2015,Nunc.sollicitudin@eu.com,61295,20,764
1000754,3/20/2015,mollis.lectus.pede@venenatisa.org,49684,50,479
1000755,8/27/2016,Curabitur@elementumat.com,12349,17,318
1000756,8/8/2015,mauris@nasceturridiculusmus.com,47617,50,1237
1000757,4/10/2016,erat.nonummy@enimnisl.edu,23467,50,1326
1000758,9/16/2016,consectetuer.rhoncus.Nullam@hendreritnequeIn.com,09736,17,179
1000759,8/18/2015,semper.dui@consectetuer.edu,78995,20,1263
1000760,3/9/2016,cursus.a.enim@tinciduntnuncomc.net,12410,17,1019
1000761,5/21/2015,amet@Namtempordiam.com,05680,30,43
1000762,4/13/2016,aliquet@semPellentesqueut.com,05339,60,75
1000763,8/3/2016,enim.consequat.purus@dapibusrutrum.com,21635,40,1155
1000764,7/3/2015,diam.Duis@eleifend.edu,14006,50,1210
1000765,6/20/2016,vitae@magnaPhasellus.edu,98486,30,951
1000766,8/31/2016,turpis@famesac.net,89584,17,611
1000767,6/4/2015,enim.Mauris@dolorsit.edu,22064,65,260
1000768,1/10/2017,diam@at.net,14731,30,10
1000769,8/29/2015,nascetur.ridiculus@natoquepenatibus.net,52383,40,163
1000770,12/13/2016,vitae.mauris@ettristiquepellentesque.net,97326,60,262
1000771,11/3/2016,volutpat@lacus.edu,99147,30,463
1000772,5/23/2016,vestibulum@arcu.com,96846,60,672
1000773,12/26/2016,auctor.nunc@Fusce.com,08658,17,90
1000774,12/10/2016,quis.tristique@erat.edu,71207,30,951
1000775,5/3/2016,ipsum@Craseutellus.com,36316,50,960
1000776,1/3/2017,sed.libero.Proin@luctus.net,75646,60,379
1000777,8/8/2015,Suspendisse.tristique@augueacipsum.net,83655,50,526
1000778,9/19/2015,sodales@luctusvulputatenisi.edu,82237,20,1368
1000779,9/26/2016,eget@Nuncut.edu,19827,60,666
1000780,1/15/2017,nulla@eget.net,59467,50,970
1000781,10/28/2016,arcu.Sed@dignissim.net,06736,40,57
1000782,9/11/2016,lectus@liberodui.edu,39777,60,550
1000783,3/23/2016,pede.ultrices@dolor.net,65209,17,1153
1000784,8/23/2016,imperdiet.non.vestibulum@viverraMaecenasiaculis.edu,32431,17,1070
1000785,3/28/2015,parturient.montes.nascetur@tortorNunccommodo.com,64683,30,744
1000786,4/2/2015,metus.Aliquam@eratvolutpatNulla.com,47865,17,841
1000787,1/7/2017,Duis@mauris.com,18026,17,827
1000788,9/30/2016,eu@aliquet.net,25845,20,317
1000789,7/13/2016,orci@ipsumdolorsit.net,63287,65,127
1000790,7/21/2015,rutrum.magna@pretiumaliquetmetus.net,73102,50,599
1000791,6/7/2015,sapien.imperdiet.ornare@sapien.com,74267,60,76
1000792,1/4/2017,non.dapibus.rutrum@Nunc.org,56815,40,381
1000793,2/29/2016,tristique.senectus.et@estconguea.com,88920,65,791
1000794,5/19/2016,elementum.at.egestas@diam.com,20343,40,223
1000795,4/18/2015,congue.In.scelerisque@a.com,09314,65,388
1000796,6/12/2015,ante@penatibusetmagnis.com,06199,65,32
1000797,10/19/2015,et.rutrum.eu@dignissimpharetra.com,24474,60,0
1000798,12/25/2016,euismod.ac@lectus.com,26166,40,1086
1000799,7/7/2015,aliquet@enim.com,05178,20,331
1000800,3/29/2015,placerat@tinciduntnuncomc.edu,67729,30,760
1000801,11/27/2016,elit@lobortisrisusIn.com,21458,50,739
10000010,10/22/2016,cursus.non@facilisis.edu,13016,60,198
10000010,9/13/2015,libero.Morbi.accumsan@scelerisquenequesed.net,40220,60,632
10000010,8/8/2016,Nulla.facilisi.Sed@aliquetsemut.org,58742,20,1381
10000010,8/29/2015,nunc.ac.mattis@eratvel.org,60616,50,1286
10000010,2/21/2015,Sed@utmiDuis.com,76946,65,656
10000010,1/8/2016,sit.amet.risus@eratVivamusnisi.net,79801,65,776
10000010,5/24/2015,Suspendisse.ac.metus@ullamcorperDuis.com,82731,50,989
10000011,2/15/2015,blandit.at.nisi@orcilobortis.org,09154,30,223
10000011,7/27/2015,blandit.mattis.Cras@Uttincidunt.com,09268,30,188
10000011,3/14/2016,lorem.eget.mollis@tinciduntvehicularisus.org,41841,50,43
10000011,7/30/2015,metus.facilisis.lorem@acmattisornare.com,47908,17,1202
10000011,3/31/2015,primis.in@auctorodio.org,68595,50,1122
10000011,9/28/2015,tempus@iaculislacus.com,86324,65,537
10000011,1/19/2017,tristique.senectus@antedictum.edu,89055,30,889
10000012,7/1/2016,magna@eros.edu,45131,50,766
10000012,12/27/2016,neque.Sed@disparturient.net,54802,65,38
10000012,3/29/2015,pede.Nunc@velturpisAliquam.org,65141,30,286
10000012,7/4/2016,Quisque.porttitor@porttitorerosnec.edu,71923,40,1249
10000012,11/8/2016,ultricies.ligula.Nullam@quisurnaNunc.com,91878,60,1117
10000012,8/7/2015,vehicula.Pellentesque@cubiliaCurae.org,94803,17,287
10000012,2/8/2015,velit.Aliquam@porttitor.com,95695,60,500
10000013,10/23/2015,arcu.imperdiet@Etiamgravidamolestie.edu,06446,30,315
10000013,12/24/2016,euismod@sed.edu,26369,60,1234
10000013,1/31/2016,imperdiet@semper.net,33155,60,209
10000013,5/5/2016,lacinia.mattis.Integer@seddolor.com,37090,65,1239
10000013,8/14/2016,mauris.rhoncus.id@metuseu.com,47055,65,703
10000013,8/19/2015,sem@consequatlectussit.com,78322,60,1265
10000013,8/20/2016,sit.amet.ultricies@Donecdignissim.com,80063,30,436
10000014,12/14/2016,ac@vitae.edu,03438,65,57
10000014,8/18/2015,dolor.sit.amet@Mauris.edu,15457,40,689
10000014,7/3/2015,Donec.tempor.est@vulputaterisus.com,16311,65,1344
10000014,12/15/2015,eget@milacinia.org,19729,17,537
10000014,7/22/2016,metus.sit.amet@luctus.com,48125,65,686
10000014,8/8/2015,tempor@liberoestcongue.org,85867,50,29
10000014,6/3/2016,tincidunt.congue@Praesentluctus.net,87052,30,72
10000015,9/14/2016,cubilia.Curae.Phasellus@imperdiet.com,11692,17,1038
10000015,5/22/2015,Fusce.mi.lorem@ligulaAliquam.edu,30054,40,507
10000015,2/13/2015,neque@mi.net,55065,30,325
10000015,2/11/2016,Nulla.facilisi@seddictum.org,59109,30,1398
10000015,7/16/2016,Nulla.facilisis@Nuncuterat.org,59179,60,414
10000015,12/31/2015,rutrum.lorem.ac@adipiscinglacus.net,73058,50,135
10000015,10/1/2015,tortor.Integer.aliquam@quamafelis.com,87936,60,764
10000016,8/6/2016,ac.nulla.In@erosturpis.net,02989,17,290
10000016,9/27/2015,at@ornareliberoat.net,08320,30,156
10000016,10/1/2015,Cras@nonummy.org,11391,40,332
10000016,3/18/2016,lacus@Pellentesquehabitantmorbi.net,38281,50,270
10000016,9/18/2015,leo@non.com,39977,20,637
10000016,5/21/2015,magna.Suspendisse@enimEtiamgravida.com,44595,65,463
10000016,2/28/2015,Ut@feugiat.com,93417,65,1180
10000017,3/28/2015,eros.Proin.ultrices@ultricies.edu,23853,30,333
10000017,3/26/2016,magna.Lorem.ipsum@semPellentesque.com,44406,17,1302
10000017,4/16/2016,Nullam@urna.com,60525,40,845
10000017,10/14/2016,quam.a.felis@porta.edu,70146,17,362
10000017,12/22/2015,Sed.nunc@imperdietornareIn.com,76062,30,804
10000017,7/14/2015,semper@vestibulummassa.com,79114,50,859
10000017,1/10/2017,vulputate.risus@senectuset.edu,99879,50,630
10000018,9/17/2015,augue.eu.tempor@malesuadaIntegerid.com,08692,50,161
10000018,7/29/2015,interdum.libero.dui@orcilobortis.edu,35758,65,377
10000018,8/2/2016,mattis.ornare.lectus@sem.net,46908,65,220
10000018,5/15/2016,Proin@urna.edu,69136,20,1007
10000018,7/16/2015,sociis@Integer.com,81595,65,828
10000018,4/13/2015,Suspendisse.commodo@Aeneansed.edu,83431,50,1346
10000018,12/31/2016,turpis@anunc.org,89576,40,424
10000019,8/31/2015,ante@egestas.com,06158,17,97
10000019,1/13/2016,dolor@egestas.com,15749,65,341
10000019,1/8/2017,libero.Morbi@luctus.org,40368,20,327
10000019,8/1/2016,magna.et@vulputateullamcorper.org,44339,30,257
10000019,7/8/2016,neque@posuerecubilia.edu,55148,20,298
10000019,11/24/2016,sem.mollis@Nunc.org,77778,20,606
10000019,8/6/2015,ullamcorper.velit@temporestac.com,90350,60,548
10000020,5/8/2015,gravida@euaugueporttitor.com,30942,20,724
10000020,11/9/2016,ipsum.nunc@Proinnon.com,36015,40,628
10000020,9/22/2015,mollis@nec.net,50176,17,425
10000020,10/24/2015,per.conubia@elit.org,65974,17,493
10000020,2/26/2016,pharetra.ut@Nuncmauris.com,66310,20,415
10000020,8/4/2016,risus.Nunc@lorem.edu,72738,65,35
10000020,4/7/2016,tortor.dictum.eu@pedenonummy.edu,87873,20,1095
10000021,4/8/2016,et.magna.Praesent@tortor.net,24407,50,171
10000021,10/4/2016,lorem.tristique@Quisqueac.net,42066,50,1166
10000021,10/29/2015,molestie.orci@luctus.com,49109,50,429
10000021,5/14/2016,parturient@Nunc.com,64911,40,1187
10000021,3/24/2016,porttitor@sitametmassa.com,67752,40,1127
10000021,2/14/2016,tristique@mollisvitae.com,89189,40,617
10000021,1/9/2017,Vivamus.rhoncus.Donec@duiSuspendisse.com,98855,60,275
10000022,6/26/2016,cursus.in@Etiamvestibulum.net,12958,65,349
10000022,7/17/2016,cursus@tortorat.com,13576,40,1380
10000022,3/13/2016,facilisis@idliberoDonec.net,27114,30,570
10000022,2/6/2015,Integer.id@ultricessit.com,34661,30,347
10000022,12/21/2016,Mauris.eu@CuraePhasellusornare.com,47038,20,56
10000022,12/2/2016,Nulla.eu@turpisIn.com,58450,30,587
10000022,3/6/2015,Pellentesque@nislNullaeu.edu,65762,60,1252
10000023,6/23/2016,arcu@non.com,06997,17,141
10000023,9/2/2015,dolor.quam.elementum@Phasellusinfelis.com,15331,60,174
10000023,1/17/2017,eleifend.non@Aenean.com,20097,30,1137
10000023,7/16/2016,lacus@risusatfringilla.com,38387,65,619
10000023,3/17/2015,Quisque.purus.sapien@eu.org,71972,65,103
10000023,11/15/2015,rhoncus@faucibusidlibero.edu,72389,20,625
10000023,6/25/2015,ridiculus@molestieorcitincidunt.com,72589,65,1240
10000024,8/31/2015,arcu.Sed.eu@acmattis.org,06712,17,188
10000024,2/25/2015,facilisis.lorem@urna.com,26836,60,1391
10000024,4/16/2015,pharetra@risusat.com,66462,20,849
10000024,7/28/2016,Proin@Aliquamgravidamauris.net,69007,40,1213
10000024,3/8/2015,Sed.eu.nibh@risus.com,75322,20,11
10000024,9/20/2016,sem.magna@Quisquevarius.com,77714,65,1093
10000024,9/23/2016,ut@risusNullaeget.edu,93569,20,669
10000025,12/29/2016,egestas@aarcu.com,18528,60,1411
10000025,4/20/2016,ipsum.non.arcu@etmagnis.com,35833,60,16
10000025,1/31/2015,libero.est.congue@placerat.org,40027,50,459
10000025,9/29/2016,non.lorem.vitae@nonloremvitae.com,57311,50,1046
10000025,8/29/2015,pulvinar@Morbiaccumsanlaoreet.com,69797,40,1015
10000025,10/30/2015,semper@ligulaAliquam.com,79066,17,1113
10000025,6/11/2015,ut.odio.vel@natoquepenatibuset.edu,93046,65,1307
10000026,1/18/2017,arcu@sodalesat.edu,07267,40,206
10000026,11/3/2015,augue@egetvolutpatornare.edu,08945,30,223
10000026,5/27/2016,erat@interdum.edu,23505,40,425
10000026,4/30/2016,Nunc.mauris.sapien@utpellentesqueeget.edu,61022,65,169
10000026,9/27/2016,quis@duiCras.com,71282,40,358
10000026,1/23/2015,tellus.sem@ornare.edu,84710,50,1349
10000026,5/21/2015,vulputate@consectetueradipiscingelit.org,99985,20,702
10000027,1/21/2016,dis.parturient.montes@Proinvel.net,15171,30,1021
10000027,1/21/2016,facilisis@senectusetnetus.org,27357,30,158
10000027,2/27/2015,Integer.mollis.Integer@sollicitudin.com,34691,40,651
10000027,10/8/2015,massa.Suspendisse@orci.net,46380,20,1147
10000027,8/5/2015,morbi.tristique@ligulaNullamfeugiat.org,51014,17,732
10000027,4/10/2015,orci@mauris.org,63642,65,567
10000027,2/12/2016,risus.Donec@elit.com,72625,30,848
10000028,11/20/2015,a.purus.Duis@odiovelest.com,02281,50,383
10000028,4/21/2016,at.augue@arcu.com,07739,65,125
10000028,9/13/2015,dolor@Uttinciduntvehicula.edu,15820,17,400
10000028,8/19/2015,ligula.Aenean@Fuscedolor.net,40638,60,512
10000028,9/5/2015,metus@nibhenim.com,48416,17,586
10000028,8/22/2015,ornare.In.faucibus@Namnulla.com,64144,20,652
10000028,9/29/2015,turpis.Nulla.aliquet@congue.net,89397,50,483
10000029,4/26/2015,at.velit@lectuspedeet.net,08095,30,383
10000029,11/8/2016,egestas.Duis.ac@atpede.com,18310,40,98
10000029,9/18/2015,in.tempus.eu@eros.com,33630,20,1398
10000029,9/1/2015,lectus.rutrum.urna@libero.org,39690,50,1351
10000029,1/9/2017,magna@ascelerisque.com,44957,50,848
10000029,3/12/2016,risus.quis@elit.com,72758,50,388
10000029,9/11/2015,sagittis.lobortis.mauris@consectetuercursuset.net,73282,65,652
10000030,12/11/2015,a.odio.semper@aliquet.org,02236,50,157
10000030,12/3/2016,eu.ligula@convallis.edu,25191,40,577
10000030,6/11/2016,magna.et.ipsum@elit.org,44308,65,268
10000030,3/25/2016,nec.cursus.a@congueaaliquet.com,52982,17,879
10000030,6/4/2016,quam.quis@Fusce.com,70726,65,941
10000030,7/13/2015,tellus.eu@euismodenimEtiam.com,83987,65,884
10000030,7/16/2016,tristique.ac.eleifend@magnaCrasconvallis.edu,88397,65,1302
10000031,9/9/2016,eget.ipsum@Duissitamet.com,19065,17,1031
10000031,12/3/2016,Fusce.aliquet@quistristiqueac.net,29755,20,949
10000031,10/1/2016,Mauris@leo.edu,47477,40,1272
10000031,1/1/2016,sagittis.Duis@rutrumFuscedolor.edu,73137,40,749
10000031,6/13/2015,sodales.nisi.magna@nonleoVivamus.com,82084,17,1353
10000031,9/30/2016,tincidunt.congue@lobortisaugue.com,86706,65,839
10000031,8/31/2015,vulputate.dui.nec@dapibusgravidaAliquam.com,99533,60,706
10000032,8/10/2016,ac.risus.Morbi@bibendumfermentum.com,03054,50,205
10000032,12/2/2016,ac.turpis@Fuscefermentumfermentum.org,03287,30,212
10000032,10/29/2016,dapibus@ametornarelectus.com,13580,60,1122
10000032,10/13/2015,eu.lacus.Quisque@nisl.com,25134,65,651
10000032,3/2/2015,metus@sodales.org,48454,60,442
10000032,6/6/2015,mollis.lectus@Aenean.com,49803,30,1017
10000032,5/1/2015,tellus@nequeIn.com,85434,50,643
10000033,7/3/2016,enim@sodales.org,23170,20,879
10000033,7/15/2016,In.nec@fermentumarcu.com,33472,40,176
10000033,5/20/2015,pede@sit.com,65355,17,1292
10000033,3/17/2016,Phasellus.elit.pede@euismodacfermentum.net,66939,17,949
10000033,9/17/2015,Proin.ultrices.Duis@pede.org,68852,60,453
10000033,5/23/2016,Quisque@fermentum.edu,72110,20,81
10000033,5/29/2015,tincidunt@idmollis.edu,87683,60,1113
10000034,5/13/2015,dolor.Quisque@vulputatemauris.com,15361,50,770
10000034,11/4/2015,elit.dictum@eteuismod.edu,20404,60,917
10000034,6/20/2016,est@egetvolutpatornare.com,24382,20,897
10000034,10/26/2016,lacus.Cras.interdum@magnisdisparturient.com,37243,20,1322
10000034,2/28/2016,luctus@ipsumdolor.net,43934,40,562
10000034,11/13/2016,massa.rutrum@aliquam.edu,46098,60,92
10000034,9/23/2016,pretium.aliquet@placerat.com,68479,60,889
10000035,1/20/2017,commodo.auctor@Ut.edu,09294,17,96
10000035,10/6/2016,dis@Utnec.org,15279,20,954
10000035,6/3/2016,dolor.tempus.non@lacusAliquamrutrum.edu,15661,60,182
10000035,4/5/2016,Duis.ac.arcu@miDuisrisus.com,17461,40,1382
10000035,12/15/2016,Fusce@egestasSed.net,30358,40,1342
10000035,2/8/2015,nec.leo.Morbi@egetvolutpatornare.edu,53065,50,746
10000035,9/23/2015,tempus@Nam.com,86344,20,246
10000036,1/17/2017,dignissim.tempor@interdumligulaeu.com,15044,17,1313
10000036,6/12/2016,eu.lacus.Quisque@Vivamuseuismod.org,25179,60,339
10000036,5/17/2016,inceptos.hymenaeos@Quisquetincidunt.edu,34484,20,41
10000036,7/15/2016,lacus@diam.com,37982,40,1135
10000036,5/7/2015,parturient@egetnisidictum.com,64843,17,789
10000036,4/23/2015,vel@posuere.edu,95630,65,119
10000036,1/12/2016,vitae@Aeneanegestashendrerit.org,98094,40,206
10000037,1/4/2016,consectetuer@sociis.com,09855,60,150
10000037,8/28/2015,Cras.interdum@eratVivamusnisi.com,10595,65,1340
10000037,6/3/2015,enim@ipsumprimisin.net,23167,40,931
10000037,9/13/2016,ligula@egestaslacinia.com,40949,17,332
10000037,12/5/2016,Nulla.tincidunt@ipsumdolorsit.edu,59363,20,455
10000037,2/17/2016,sed.pede.Cum@indolor.com,76289,65,1123
10000037,12/22/2015,vehicula@nec.org,94820,65,935
10000038,5/13/2015,ante@Donec.com,05904,20,133
10000038,11/7/2016,Duis.gravida.Praesent@massa.net,17925,65,893
10000038,8/10/2015,eleifend@rutrumjustoPraesent.com,20281,60,1138
10000038,9/11/2015,eu.tellus@dolorDonecfringilla.net,25446,60,632
10000038,2/23/2016,in@vitaealiquet.org,34463,50,871
10000038,3/3/2016,nec.mauris.blandit@amalesuadaid.com,53507,30,768
10000038,6/24/2015,risus.quis@tempusmauriserat.com,72775,50,1334
10000039,2/21/2016,cursus.et.eros@a.org,12471,50,1192
10000039,7/26/2015,libero@semvitae.com,40429,20,1229
10000039,11/27/2015,mi.ac@arcuVestibulumante.org,48843,40,697
10000039,5/11/2015,pellentesque.Sed@a.com,65713,60,747
10000039,7/12/2016,sed.dolor.Fusce@ligulaconsectetuer.net,75176,30,325
10000039,5/15/2016,vitae.nibh.Donec@egestaslaciniaSed.net,97383,30,245
10000039,12/15/2016,viverra.Donec.tempus@Ut.com,98981,20,675
10000040,8/10/2015,arcu.Sed@eleifendnon.com,06764,40,270
10000040,11/21/2015,congue@augueut.org,09396,40,311
10000040,9/6/2016,dolor.elit.pellentesque@maurisIntegersem.com,15287,60,1035
10000040,4/16/2015,fames.ac@fringillaornare.com,27435,65,1122
10000040,3/30/2016,mi.enim@nonleoVivamus.edu,48864,30,355
10000040,7/4/2016,Proin.velit@tempuseuligula.com,68884,17,1156
10000040,8/10/2015,vitae.nibh.Donec@Morbi.com,97467,40,1158
10000041,3/24/2015,dolor.elit@dictumeu.com,15309,65,1228
10000041,12/31/2016,feugiat.metus@molestieorcitincidunt.com,29194,60,956
10000041,12/15/2016,id@molestietellusAenean.com,32254,17,491
10000041,8/16/2015,lectus.pede.ultrices@urnanecluctus.net,39448,20,1263
10000041,7/4/2015,luctus.ipsum@ac.com,43700,65,671
10000041,9/30/2015,nisi@iaculis.com,56381,20,1280
10000041,5/30/2016,vitae.sodales@Praesent.net,97965,65,1167
10000042,7/23/2015,a@estacfacilisis.com,02747,40,166
10000042,7/28/2015,adipiscing.Mauris.molestie@eget.edu,04148,30,186
10000042,9/9/2016,elit.sed.consequat@IncondimentumDonec.com,20998,40,259
10000042,2/21/2015,id@acturpis.edu,32138,20,797
10000042,12/26/2015,nascetur.ridiculus.mus@sedfacilisis.net,52124,20,3
10000042,5/29/2015,non.enim@Maecenasmi.net,57146,40,1384
10000042,12/5/2016,nunc.ullamcorper@sem.com,61648,65,304
10000043,7/13/2015,Donec@ipsumac.com,17104,17,663
10000043,4/29/2016,eget@sitamet.org,19853,40,727
10000043,1/15/2017,id.ante.dictum@nibhsit.net,32013,17,638
10000043,8/19/2015,lacus.Nulla@eliterat.edu,37759,40,988
10000043,5/15/2015,lorem@conubia.edu,42575,20,174
10000043,1/24/2016,non@ut.edu,58172,40,249
10000043,1/2/2016,sagittis.semper.Nam@consequatdolorvitae.edu,73480,40,227
10000044,8/11/2016,accumsan.neque@lectussitamet.net,03801,30,238
10000044,2/1/2015,Nam.consequat.dolor@posuere.com,51461,50,464
10000044,10/30/2016,neque.sed@risus.net,54927,20,669
10000044,8/13/2016,non.sollicitudin@ipsumSuspendissesagittis.edu,57384,30,730
10000044,7/20/2016,nulla.Cras.eu@tempor.org,58435,30,29
10000044,7/18/2015,Proin.vel@mollisvitaeposuere.net,68884,40,929
10000044,2/21/2016,rhoncus.Nullam@pharetra.org,72352,60,1360
10000045,10/27/2016,at@Vivamusnibh.net,08519,65,329
10000045,3/21/2016,diam.vel@volutpatNulla.com,14401,50,279
10000045,11/16/2016,eleifend.Cras@eu.com,20051,60,1159
10000045,3/12/2015,feugiat.Sed.nec@In.org,29332,30,608
10000045,6/11/2016,sociis.natoque.penatibus@MaurismagnaDuis.org,81541,20,1158
10000045,5/20/2015,vehicula@turpis.edu,94825,60,1302
10000045,3/26/2016,vitae@elitsed.com,98400,40,942
10000046,1/2/2016,Etiam.imperdiet.dictum@Sed.edu,24883,65,478
10000046,11/18/2016,faucibus.orci.luctus@dui.com,28332,65,292
10000046,1/10/2017,feugiat.metus@tellusAenean.com,29325,40,823
10000046,7/31/2016,lobortis.augue@metusVivamuseuismod.net,41055,65,1364
10000046,5/27/2015,nec@neque.org,53877,17,377
10000046,7/25/2015,Suspendisse.non.leo@perconubianostra.org,83466,50,820
10000046,10/9/2016,vitae.mauris.sit@non.com,97187,65,99
10000047,11/13/2015,Cras.eget.nisi@luctuset.com,10005,60,929
10000047,2/11/2015,Donec.tincidunt@ipsum.net,16505,17,749
10000047,10/17/2016,massa.rutrum@elitEtiam.edu,46183,60,845
10000047,7/11/2015,quam.Pellentesque.habitant@Nuncpulvinar.com,70682,17,585
10000047,8/20/2015,sem.magna@famesacturpis.com,77374,65,1200
10000047,3/16/2016,tincidunt.nibh@euenim.com,87528,17,839
10000047,7/24/2016,ultrices@venenatis.net,91444,30,1016
10000048,9/2/2015,cursus.purus.Nullam@Integereu.com,13146,30,617
10000048,3/6/2015,dictum@adipiscingenim.com,14827,40,926
10000048,7/29/2015,est.Mauris.eu@ut.com,24214,20,881
10000048,11/10/2015,felis.adipiscing@elementumpurus.com,28690,17,95
10000048,11/8/2015,quis.massa@nec.net,71064,20,1237
10000048,9/9/2015,vitae@Crasvulputatevelit.com,98243,30,1378
10000048,10/6/2016,viverra.Maecenas@lorem.org,99058,60,1205
10000049,7/7/2015,amet.orci@enimcommodo.com,05670,65,142
10000049,9/15/2016,eu@leoinlobortis.com,25855,60,890
10000049,9/23/2016,luctus.aliquet@seddictum.com,43552,65,28
10000049,10/3/2015,luctus.felis@Donec.com,43612,60,1208
10000049,4/21/2015,nascetur.ridiculus@ataugue.net,52183,30,438
10000049,11/15/2016,neque@velturpisAliquam.com,55449,20,656
10000049,1/8/2016,turpis.vitae.purus@fringillaornareplacerat.net,89574,20,360
10000050,6/28/2016,eget.laoreet@tellusimperdiet.net,19156,60,314
10000050,4/8/2016,hendrerit.consectetuer@Morbisitamet.com,31731,20,873
10000050,12/6/2016,lacus.Mauris.non@Morbi.org,37547,50,1266
10000050,4/19/2016,tincidunt.vehicula.risus@mattisInteger.com,87613,50,120
10000050,10/13/2015,ullamcorper.Duis@ettristique.com,89862,30,1124
10000050,10/28/2016,ut.nisi.a@rutrummagnaCras.com,92877,60,48
10000050,8/31/2016,vitae.purus@Donec.com,97763,60,1020
10000051,9/10/2016,augue.id.ante@arcuNunc.com,08731,20,319
10000051,8/30/2015,dictum@gravidamolestiearcu.edu,14882,17,209
10000051,10/21/2016,euismod.est.arcu@Utsemper.com,26269,20,1127
10000051,6/18/2015,facilisis.Suspendisse.commodo@euneque.net,26969,40,223
10000051,2/3/2016,Fusce@mattis.com,30491,30,1362
10000051,7/16/2015,justo.faucibus@molestie.edu,36752,17,422
10000051,4/3/2016,nascetur.ridiculus@magnaPraesentinterdum.org,52289,20,952
10000052,2/13/2015,egestas@lobortis.com,18580,20,1229
10000052,3/5/2015,fermentum.convallis@ut.com,28966,60,772
10000052,8/27/2016,in@interdum.edu,33930,65,1031
10000052,5/19/2016,lacus.Nulla.tincidunt@Nullainterdum.edu,37588,40,182
10000052,1/15/2017,lectus.Cum.sociis@Nuncsed.com,38808,30,458
10000052,10/22/2016,massa.Suspendisse.eleifend@bibendum.edu,46286,50,653
10000052,7/2/2015,semper.auctor@massa.net,78943,60,194
10000053,9/15/2016,amet.massa.Quisque@commodoipsum.com,05637,60,257
10000053,8/17/2015,fringilla.mi.lacinia@diamvelarcu.com,29729,17,559
10000053,5/10/2015,Integer@Suspendissealiquetmolestie.org,35274,17,1371
10000053,7/11/2015,lectus.Nullam@etlaciniavitae.org,39160,40,19
10000053,10/6/2015,tellus.id.nunc@id.net,84456,65,1167
10000053,11/11/2015,ultrices@nec.com,91117,40,331
10000053,10/15/2016,vitae.posuere.at@odiovel.com,97587,60,347
10000054,6/23/2016,accumsan.interdum.libero@ornare.com,03651,17,347
10000054,11/24/2015,faucibus@utnisi.edu,28601,50,789
10000054,3/3/2015,ipsum.dolor.sit@et.org,35789,50,794
10000054,5/21/2016,mus.Donec.dignissim@nunc.net,51029,65,1239
10000054,12/18/2016,Nunc.sollicitudin@velturpisAliquam.edu,61478,17,189
10000054,2/14/2016,scelerisque@molestie.net,75099,40,697
10000054,6/20/2015,Vestibulum.accumsan.neque@hendreritidante.com,95966,60,237
10000055,11/21/2015,Morbi.quis@Integerurna.edu,50262,60,1032
10000055,7/25/2015,natoque.penatibus.et@natoquepenatibus.edu,52599,40,152
10000055,9/4/2016,nec.leo.Morbi@mifringillami.edu,53241,50,448
10000055,4/12/2015,nisi@necorci.edu,56401,65,547
10000055,12/7/2016,Nullam@est.org,60188,40,1235
10000055,3/12/2016,Pellentesque.habitant.morbi@pharetrasedhendrerit.net,65666,40,109
10000055,2/17/2015,Phasellus@pede.com,67630,50,226
10000056,2/15/2015,adipiscing@egestasurna.edu,04174,20,235
10000056,11/28/2015,imperdiet.erat@interdum.com,32271,65,1087
10000056,8/18/2016,lacus.vestibulum.lorem@dis.com,37763,65,623
10000056,6/3/2016,neque.et@nascetur.com,54013,60,1113
10000056,2/19/2015,Proin@mattisCras.org,69115,60,718
10000056,4/13/2015,sit.amet.luctus@egettincidunt.com,79330,20,1212
10000056,1/14/2016,Ut.semper.pretium@vitae.org,93308,65,1139
10000057,2/17/2015,arcu@temporarcu.net,07269,50,20
10000057,12/24/2015,cubilia.Curae@magna.org,11753,20,798
10000057,12/25/2016,elementum.at.egestas@nonquam.edu,20367,60,784
10000057,9/21/2015,eu.eros@vel.com,25085,60,869
10000057,8/11/2016,mauris@nullaDonec.com,47707,60,365
10000057,6/19/2016,posuere.cubilia@vestibulummassa.org,68154,65,661
10000057,9/28/2015,Vestibulum.ut.eros@euelitNulla.org,96263,30,323
10000058,8/23/2016,ligula@porta.com,41043,17,1384
10000058,7/29/2016,lobortis.Class.aptent@mollisduiin.com,41090,40,426
10000058,5/25/2015,Pellentesque@Suspendissetristiqueneque.com,65881,20,1103
10000058,8/20/2015,Quisque.fringilla@Donectempus.net,71708,65,1006
10000058,5/22/2016,sem.semper.erat@sodaleseliterat.net,77940,17,732
10000058,3/20/2016,Suspendisse.ac.metus@purus.com,82658,30,135
10000058,7/2/2016,Suspendisse.aliquet.sem@Mauriseuturpis.edu,83007,20,862
10000059,7/12/2015,aliquet.libero.Integer@tristiqueac.org,04972,20,66
10000059,9/2/2016,at.auctor.ullamcorper@tortorIntegeraliquam.edu,07411,30,113
10000059,2/20/2015,Cras.interdum.Nunc@sapiengravida.com,10156,65,283
10000059,3/6/2015,lacus@augue.edu,37951,60,193
10000059,7/21/2015,magna.a@pedeetrisus.org,44145,17,208
10000059,11/26/2015,tristique.senectus@Quisque.com,89187,40,847
10000059,6/6/2016,ut.pharetra.sed@Utsagittis.edu,93218,50,1309
10000060,11/30/2015,a.magna.Lorem@aliquetPhasellus.com,02083,30,106
10000060,10/28/2015,ac.mattis@odiotristiquepharetra.com,02903,65,297
10000060,5/6/2015,elit.erat.vitae@Nunc.com,20560,30,578
10000060,8/27/2016,eu@volutpatornare.net,26108,20,1117
10000060,2/13/2015,mi@consectetuerrhoncus.com,48867,20,973
10000060,3/3/2016,nisi.Cum@vestibulumneceuismod.org,55951,20,797
10000060,10/2/2015,pede.blandit.congue@ac.edu,65064,65,523
10000061,10/14/2015,arcu.Sed@Proinultrices.org,06958,20,205
10000061,10/21/2016,iaculis.quis@Curabiturconsequat.org,31872,60,1311
10000061,9/7/2016,ipsum@lobortisrisus.com,36567,50,1175
10000061,10/13/2015,magna.Ut.tincidunt@Etiam.org,44686,30,819
10000061,12/15/2016,mauris.sit@Maurisquis.net,47084,50,29
10000061,10/17/2016,Nam.interdum@Aliquam.com,51587,60,98
10000061,3/28/2016,tempor@lectus.edu,85761,17,346
10000062,2/5/2016,ac.turpis@etcommodo.org,03093,60,233
10000062,10/3/2015,in@gravidanon.com,33824,60,34
10000062,1/25/2015,justo.nec.ante@Namporttitorscelerisque.net,36942,17,1243
10000062,12/27/2016,magna.nec@Duis.edu,44497,17,1315
10000062,8/8/2016,posuere.cubilia.Curae@lobortisquispede.com,67911,60,104
10000062,7/27/2016,Suspendisse@Nuncmauris.com,83919,20,946
10000062,12/8/2015,vel.nisl@veliteu.com,95359,60,1214
10000063,7/8/2015,ac.sem@Aliquam.net,03061,20,153
10000063,5/6/2015,dolor.Quisque@vitae.edu,15348,20,254
10000063,7/14/2015,eleifend.nunc@tincidunt.edu,20098,65,603
10000063,9/22/2015,Nam@anteVivamus.com,52122,17,1242
10000063,2/15/2016,odio.Nam.interdum@Suspendisse.edu,62748,50,959
10000063,5/8/2016,sit.amet@Phasellus.com,80516,40,1295
10000063,2/19/2015,ullamcorper@estvitaesodales.com,90773,65,1136
10000064,5/4/2015,Aliquam.nisl@metus.com,04709,17,151
10000064,1/21/2015,in.tempus.eu@Aliquamerat.net,33601,17,660
10000064,8/17/2015,morbi.tristique.senectus@Suspendisse.com,50544,50,682
10000064,9/8/2015,nec.urna@accumsansedfacilisis.com,53729,40,249
10000064,6/10/2016,non@parturient.org,57830,17,544
10000064,10/10/2015,rutrum.magna@magnaNamligula.com,73081,30,696
10000064,7/5/2015,semper.egestas.urna@sitamet.com,79055,40,1016
10000065,4/28/2016,blandit.at.nisi@diamluctus.net,09005,50,68
10000065,5/17/2016,blandit.at.nisi@posuereenimnisl.com,09203,20,278
10000065,4/9/2015,dapibus@iaculis.com,13676,17,388
10000065,10/13/2015,lorem@tempus.net,43050,20,181
10000065,6/3/2015,molestie@Fuscealiquam.net,49170,20,742
10000065,5/7/2015,orci.adipiscing@aliquetlobortis.com,62854,20,1375
10000065,6/14/2016,orci@liberomaurisaliquam.edu,63582,40,280
10000066,5/19/2016,arcu.Nunc.mauris@Duismienim.edu,06676,65,54
10000066,9/9/2015,enim@diam.edu,23104,60,518
10000066,8/3/2015,et@Fuscedolorquam.net,24557,50,889
10000066,3/21/2015,eu@nibhdolor.com,26017,30,219
10000066,9/24/2016,ipsum.Suspendisse.sagittis@mattis.org,36296,60,445
10000066,9/4/2016,magnis@nonsollicitudin.com,45842,17,1083
10000066,11/16/2016,sem.ut.dolor@enimEtiamgravida.com,77960,40,11
10000067,9/4/2015,cursus@hendreritaarcu.com,13531,40,1306
10000067,11/15/2015,magna.Duis.dignissim@sedduiFusce.com,44250,20,557
10000067,8/13/2015,malesuada@ametrisus.edu,46073,17,1161
10000067,10/7/2015,mi@risus.edu,49037,20,1263
10000067,9/20/2015,Nunc.laoreet@vitaeposuere.org,60909,40,533
10000067,1/20/2017,Sed.id@sodaleselit.edu,75444,40,258
10000067,9/25/2016,viverra@luctus.com,99100,17,778
10000068,9/6/2016,a.sollicitudin@libero.edu,02405,65,168
10000068,11/7/2015,aliquet.molestie.tellus@aliquetsemut.org,05070,30,292
10000068,9/5/2016,auctor.non@velarcueu.com,08635,20,182
10000068,2/8/2016,In.at@Quisque.com,33294,60,165
10000068,2/20/2015,ipsum.dolor.sit@velitSed.edu,35792,50,479
10000068,10/20/2016,massa.non.ante@acfeugiat.com,46095,60,216
10000068,8/29/2016,mauris@lorem.net,47486,40,1082
10000069,8/8/2015,blandit.viverra@bibendum.org,09285,60,304
10000069,1/28/2016,In.faucibus.Morbi@etmagna.net,33385,65,1354
10000069,7/19/2016,interdum.Curabitur@loremutaliquam.com,35278,50,1388
10000069,9/4/2015,Nullam@purusNullam.com,60477,65,1179
10000069,11/7/2016,sagittis@facilisi.org,73873,65,1260
10000069,9/9/2015,sit.amet@acnullaIn.org,80211,20,864
10000069,12/28/2016,vitae@euarcuMorbi.net,98448,17,235
10000070,3/30/2015,aliquet.odio.Etiam@iaculis.com,05085,60,373
10000070,8/19/2015,at.pede@inconsequatenim.net,08033,17,366
10000070,6/3/2015,Cras.convallis@Curabiturut.edu,10001,65,853
10000070,11/3/2015,in@Aliquamnisl.com,33738,20,1161
10000070,5/30/2015,lorem@sagittisDuis.org,42605,30,1089
10000070,10/20/2015,tortor.Integer@Cras.com,88042,30,712
10000070,9/5/2016,vitae@mollisnoncursus.com,98796,50,478
10000071,11/21/2016,accumsan.interdum.libero@egestasSed.edu,03627,40,215
10000071,8/13/2016,libero.Proin.mi@velitAliquamnisl.org,40399,60,477
10000071,3/21/2015,lobortis.ultrices.Vivamus@nibhlacinia.org,41280,65,322
10000071,11/23/2016,nunc@magnaNam.net,61970,60,1177
10000071,9/4/2016,purus.accumsan@Vestibulumaccumsanneque.com,69993,50,1256
10000071,7/26/2016,sit@inmolestietortor.org,80545,65,1392
10000071,9/24/2016,sit@ornareelitelit.org,81262,60,626
10000072,2/11/2016,Aliquam.nec@iaculisnec.com,04706,17,180
10000072,1/12/2016,Duis.dignissim@justofaucibus.org,17773,30,111
10000072,1/9/2016,eros.nec.tellus@Classaptent.com,23804,17,816
10000072,9/11/2016,ligula.elit@arcuac.com,40701,17,191
10000072,7/5/2016,neque.In.ornare@lectusNullam.net,54130,60,628
10000072,6/24/2015,orci@imperdietornareIn.net,63154,65,516
10000072,3/18/2016,orci@lacuspedesagittis.edu,63413,17,307
10000073,7/25/2015,adipiscing@luctusvulputate.net,04223,20,108
10000073,5/11/2016,felis@elementumduiquis.org,28799,50,1107
10000073,9/2/2016,justo@eueleifendnec.edu,37071,17,325
10000073,11/2/2015,mollis.Integer@ornarelectus.edu,49642,17,1383
10000073,7/10/2015,ornare.lectus.ante@eget.com,64224,20,68
10000073,4/25/2015,sed.libero.Proin@mifringillami.edu,75666,17,102
10000073,10/8/2016,sit@necluctus.com,80937,60,1152
10000074,2/1/2015,accumsan.neque.et@eu.com,03759,20,97
10000074,1/4/2016,egestas.hendrerit@sempertellus.com,18379,30,1040
10000074,3/27/2015,in.aliquet.lobortis@sempertellusid.edu,33217,50,527
10000074,8/12/2016,inceptos@duinec.edu,34564,65,1116
10000074,10/16/2015,Morbi.neque@sollicitudinorci.net,50217,20,176
10000074,10/21/2016,non.nisi@Sedeu.com,57374,40,1099
10000074,11/17/2016,Sed@Suspendisse.com,76798,40,909
10000075,4/15/2015,consectetuer.ipsum.nunc@volutpatornarefacilisis.com,09563,20,158
10000075,12/13/2016,diam.dictum.sapien@sed.org,13882,20,476
10000075,2/14/2016,euismod@Ut.edu,26624,20,160
10000075,11/27/2015,interdum.enim.non@Maurisutquam.com,35349,40,510
10000075,8/8/2016,lorem.auctor@accumsan.org,41782,40,111
10000075,11/11/2015,mollis.vitae@ut.edu,50069,65,1287
10000075,6/12/2016,nunc.risus@QuisquevariusNam.org,61091,40,27
10000076,4/29/2015,dolor.sit.amet@gravida.com,15366,50,1186
10000076,8/25/2016,fermentum.convallis.ligula@faucibusorciluctus.net,28881,17,1403
10000076,4/21/2016,metus@ante.edu,48186,50,205
10000076,8/29/2016,penatibus.et@auctorodioa.com,65922,50,301
10000076,10/18/2015,ullamcorper.nisl.arcu@elitAliquam.net,90211,30,264
10000076,6/12/2016,Ut.nec.urna@nec.org,92126,50,799
10000076,2/6/2015,velit@musProinvel.edu,95893,50,1043
10000077,6/25/2016,Duis.risus.odio@felisegetvarius.org,17995,30,1066
10000077,5/15/2015,faucibus.lectus.a@odio.org,27539,40,1031
10000077,1/21/2015,id.risus.quis@convallis.com,32107,30,365
10000077,8/31/2015,ipsum@velitin.edu,36671,17,789
10000077,7/28/2015,penatibus.et.magnis@rutrumloremac.edu,65918,30,1004
10000077,1/20/2017,rhoncus.Nullam@Morbi.net,72299,17,382
10000077,3/8/2015,tincidunt.dui@iaculisaliquet.org,87251,17,585
10000078,12/28/2016,convallis.in@Donecfelisorci.net,09908,60,277
10000078,1/12/2016,dui@vestibulumnequesed.net,17394,17,1088
10000078,1/25/2015,facilisis.lorem@Donecluctusaliquet.com,26646,30,383
10000078,11/29/2016,nulla.Integer.vulputate@eleifendnon.com,59302,65,559
10000078,7/15/2016,Suspendisse.ac@diam.com,82994,17,493
10000078,6/17/2016,tristique@sed.com,89375,30,1277
10000078,10/25/2016,ultrices@Quisquepurus.com,91407,17,811
10000079,10/23/2016,cursus@Aliquam.net,13432,40,356
10000079,6/6/2015,elit.Etiam.laoreet@FuscemollisDuis.com,20574,65,1176
10000079,12/15/2015,Nullam@atlacusQuisque.com,60169,40,938
10000079,7/2/2016,sagittis.semper@magna.org,73544,60,182
10000079,5/13/2015,sit.amet.risus@accumsanconvallisante.edu,79688,20,684
10000079,11/12/2015,ullamcorper@dui.net,90704,30,57
10000079,10/2/2015,velit@non.edu,95941,20,443
10000080,10/12/2016,Cras@duiFuscealiquam.org,10874,30,953
10000080,12/12/2016,dui@duilectusrutrum.edu,17239,60,521
10000080,4/8/2016,eget.dictum.placerat@velitAliquam.com,18970,65,149
10000080,7/1/2016,malesuada.ut.sem@semperrutrum.org,45984,30,1378
10000080,6/8/2016,mauris@arcuSed.com,47355,17,1140
10000080,4/3/2015,Nulla.facilisi.Sed@Fusce.edu,59051,20,65
10000080,11/14/2015,Sed.diam@nullaIn.org,75116,20,1205
10000081,11/18/2015,Aenean.gravida@sollicitudin.com,04361,17,369
10000081,12/30/2015,augue.eu@Craseget.com,08726,40,180
10000081,3/25/2016,facilisis.vitae.orci@molestie.edu,27059,30,1275
10000081,3/20/2015,in@Fuscealiquamenim.com,33806,65,17
10000081,6/13/2015,magna.a.tortor@Fuscealiquamenim.org,43952,30,115
10000081,10/29/2015,massa.rutrum@euismodmauriseu.net,46236,20,274
10000081,10/13/2015,ultrices.posuere@ultricies.net,90814,17,1235
10000082,5/14/2016,auctor.Mauris.vel@adipiscingelit.net,08571,17,212
10000082,9/17/2016,felis.eget.varius@tincidunt.com,28765,60,541
10000082,4/18/2016,nisl.Maecenas.malesuada@famesac.com,56471,60,140
10000082,12/29/2015,nunc@ac.edu,61690,20,104
10000082,5/19/2016,nunc@vestibulum.net,62489,20,332
10000082,1/4/2016,sagittis@afelisullamcorper.org,73630,30,573
10000082,10/12/2015,sit@maurissagittisplacerat.com,80702,50,981
10000083,4/27/2015,Donec.tincidunt@ligula.org,16622,60,907
10000083,6/19/2015,eu.sem@velvenenatisvel.edu,25414,40,44
10000083,7/22/2016,hendrerit.neque.In@Quisquevarius.com,31776,50,840
10000083,7/21/2016,in.magna.Phasellus@fringilla.edu,33447,30,158
10000083,4/24/2015,pellentesque.a@etcommodoat.edu,65649,40,1307
10000083,6/26/2016,sed@per.com,76441,65,656
10000083,5/1/2016,vestibulum.massa@utsemNulla.edu,95999,60,354
10000084,8/23/2015,dictum.placerat.augue@Donec.edu,14808,20,702
10000084,6/6/2016,dolor.sit.amet@nasceturridiculus.com,15589,50,1242
10000084,1/31/2015,elit.Aliquam@Duisatlacus.com,20381,60,1399
10000084,7/18/2016,fringilla.est.Mauris@DuisgravidaPraesent.com,29351,17,823
10000084,5/9/2016,penatibus.et@eratvelpede.net,65952,60,1010
10000084,10/18/2015,sem.Nulla.interdum@Sedpharetra.org,77809,40,400
10000084,11/18/2016,tristique@Namligula.com,89196,65,926
10000085,5/11/2016,ac@Nullamnisl.org,03364,20,27
10000085,10/28/2015,faucibus.Morbi.vehicula@quis.com,28216,40,1025
10000085,10/19/2015,lorem@mollis.com,42593,40,161
10000085,4/13/2015,non.nisi.Aenean@penatibus.net,57345,17,160
10000085,9/4/2015,non@tristiquenequevenenatis.edu,57953,65,1069
10000085,6/29/2015,Quisque.libero.lacus@velarcu.com,71756,50,1001
10000085,1/22/2015,ullamcorper.Duis@natoque.com,89866,60,830
10000086,8/14/2015,adipiscing.elit.Etiam@telluseu.com,04076,60,298
10000086,5/12/2015,lacus.Etiam.bibendum@posuereenimnisl.com,37393,30,392
10000086,8/12/2016,lacus@necomnteblandit.edu,38031,60,1004
10000086,8/17/2015,mus.Donec.dignissim@ProinvelitSed.org,51352,65,927
10000086,6/25/2015,posuere.cubilia@quam.com,67978,40,1328
10000086,9/11/2016,sed@tristiqueac.com,76905,40,196
10000086,5/19/2015,vestibulum@rutrumFuscedolor.edu,97139,50,271
10000087,2/11/2016,aliquam@Donec.com,04971,50,246
10000087,6/23/2015,eu@a.org,25499,20,1361
10000087,6/10/2016,ipsum@euismodac.net,36318,40,1409
10000087,2/1/2015,nec.tempus@eueros.org,53630,17,597
10000087,4/4/2016,netus.et.malesuada@maurissitamet.com,55501,17,255
10000087,4/1/2016,nunc.interdum@arcuVestibulumante.org,60634,20,1187
10000087,2/13/2016,Proin.dolor@parturient.net,68813,17,565
10000088,10/30/2016,commodo.ipsum@velconvallis.com,09296,60,167
10000088,1/25/2015,dignissim@nonjustoProin.com,15045,40,183
10000088,6/13/2015,ipsum.porta.elit@nisinibhlacinia.com,36223,50,450
10000088,7/13/2015,molestie@lectusa.edu,49272,30,188
10000088,7/8/2015,non.feugiat.nec@Nullamvelit.net,57161,65,1412
10000088,8/9/2016,torquent.per@ultriciesornare.org,87857,30,26
10000088,10/9/2016,ut@Sedeget.com,93620,17,1382
10000089,2/16/2015,at@vitae.com,08448,20,27
10000089,5/20/2016,Cum.sociis.natoque@temporaugueac.com,11962,50,1214
10000089,9/2/2016,elit.pellentesque@Fuscemilorem.com,20913,50,430
10000089,1/10/2017,eu.neque@imperdiet.com,25343,40,24
10000089,10/16/2015,pulvinar.arcu.et@Proin.com,69386,20,448
10000089,2/23/2015,sapien.Cras.dolor@Ut.com,74116,40,1078
10000089,10/18/2015,tortor@pedePraesent.com,88269,60,947
10000090,8/6/2015,faucibus@dolorsitamet.com,28465,20,237
10000090,11/4/2016,habitant@justoeuarcu.edu,31471,60,41
10000090,8/21/2016,hendrerit.a@iaculis.edu,31634,65,1279
10000090,3/31/2016,non.luctus.sit@pretium.org,57319,17,483
10000090,10/2/2016,sodales.nisi@metusfacilisislorem.edu,82158,17,297
10000090,1/30/2016,sollicitudin@elementumloremut.edu,82647,65,385
10000090,12/10/2015,tellus.faucibus.leo@Etiambibendumfermentum.net,84303,20,1079
10000091,7/23/2015,at.velit.Cras@sit.com,08058,17,19
10000091,7/17/2015,cursus.in.hendrerit@vel.com,12472,17,181
10000091,8/6/2016,erat@mattisInteger.com,23559,40,764
10000091,12/19/2015,eros@aliquameu.edu,24180,17,1212
10000091,4/13/2016,eu.tempor@lobortisquis.com,25452,17,771
10000091,6/16/2016,quam.dignissim.pharetra@idrisusquis.com,70651,20,681
10000091,9/19/2015,ut.pharetra.sed@elitpretiumet.org,93077,17,791
10000092,9/10/2015,egestas@tempor.org,18716,60,1172
10000092,10/27/2016,In.ornare.sagittis@Integer.com,33518,60,1001
10000092,2/11/2016,lobortis@arcuimperdiet.com,41442,20,748
10000092,11/4/2015,nec@arcuSedet.com,53821,60,769
10000092,11/30/2016,odio.auctor@pharetra.edu,62654,17,169
10000092,11/12/2016,ornare@Quisque.com,64337,30,44
10000092,2/3/2015,varius.Nam.porttitor@feugiatplaceratvelit.com,94222,65,331
10000093,10/8/2015,Duis.cursus.diam@etmagnisdis.com,17538,50,252
10000093,9/14/2015,id@lacusCras.org,32205,17,41
10000093,7/24/2015,In@magnisdisparturient.com,33962,30,501
10000093,1/21/2016,Integer.urna.Vivamus@pellentesquemassalobortis.com,34843,20,1396
10000093,12/24/2016,non.vestibulum.nec@aauctor.edu,57466,50,1053
10000093,11/15/2015,orci.adipiscing@hendrerita.net,62859,20,110
10000093,5/12/2016,sociosqu.ad.litora@anteipsum.com,81715,30,855
10000094,11/27/2016,dignissim@volutpat.org,15105,17,220
10000094,11/16/2016,fringilla.est.Mauris@feliseget.net,29674,40,302
10000094,9/19/2016,id@mollisdui.org,32266,17,248
10000094,7/6/2016,mollis.Integer@egetvenenatis.com,49636,50,419
10000094,5/18/2016,sodales.purus@euodio.org,82203,65,733
10000094,9/22/2015,tincidunt.adipiscing.Mauris@egestasadui.com,86407,50,631
10000094,7/22/2015,varius.Nam@ut.com,94305,17,364
10000095,1/26/2015,Cras.eget@ligula.com,10155,60,688
10000095,1/1/2016,erat.in@Uttincidunt.org,23382,50,54
10000095,9/9/2015,lectus.justo.eu@quis.net,38809,17,987
10000095,6/14/2016,ligula.Nullam@Aenean.com,40854,40,1319
10000095,1/4/2017,Maecenas.iaculis@sedlibero.net,43946,20,291
10000095,4/25/2015,sagittis.semper@ametconsectetuer.org,73506,30,497
10000095,12/11/2015,vel.nisl.Quisque@metus.com,95188,20,974
10000096,9/18/2015,nec.urna.et@vulputatemauris.org,53662,65,434
10000096,5/4/2016,non@idmagnaet.com,57747,40,419
10000096,5/22/2015,quis.lectus@euaugue.com,71030,40,1275
10000096,3/16/2015,risus.Nulla.eget@adipiscingelitEtiam.com,72630,40,922
10000096,11/23/2016,sem.egestas.blandit@Aenean.org,77211,60,745
10000096,7/21/2015,ullamcorper.magna@ullamcorper.org,90155,40,496
10000096,4/26/2015,vel.turpis.Aliquam@magnisdis.org,95438,20,38
10000097,5/30/2016,arcu@Aeneangravida.com,06963,17,307
10000097,6/20/2016,at.augue@Crasdictum.org,07905,30,296
10000097,2/22/2015,Duis.elementum@suscipitnonummyFusce.com,17858,60,111
10000097,2/11/2016,ipsum@feugiatmetus.net,36340,30,533
10000097,5/14/2016,Nullam.vitae@Sedmolestie.com,60056,20,547
10000097,4/21/2016,scelerisque.sed@facilisiSedneque.com,74628,65,928
10000097,9/27/2016,tellus@quismassaMauris.edu,85685,50,650
10000098,7/19/2015,at@Cum.com,08213,30,168
10000098,4/29/2016,dictum.cursus.Nunc@aliquet.com,14789,17,1346
10000098,9/4/2016,laoreet.posuere.enim@necmaurisblandit.org,38803,30,1262
10000098,6/22/2016,Praesent.interdum.ligula@tacitisociosqu.com,68397,60,233
10000098,7/5/2015,sapien@Inscelerisque.com,74388,17,1168
10000098,9/1/2016,scelerisque.sed.sapien@aliquetlobortisnisi.com,74534,40,1276
10000098,7/15/2015,ultrices@vitae.com,91477,40,1161
10000099,4/18/2016,dapibus@quam.com,13841,60,723
10000099,11/15/2016,enim.Mauris@netus.com,22737,17,420
10000099,1/26/2015,magnis.dis.parturient@diam.edu,45531,30,38
10000099,12/27/2015,pharetra.felis@ut.com,66277,65,881
10000099,12/6/2016,Phasellus.vitae.mauris@Namnulla.org,67431,60,211
10000099,9/23/2016,rutrum@vestibulummassarutrum.com,73105,20,1254
10000099,1/30/2016,ultrices@Integer.com,90862,50,522
10000100,4/14/2016,Aliquam.erat@erosNamconsequat.org,04512,17,55
10000100,9/25/2015,eget.magna@Vestibulumante.com,19223,40,58
10000100,1/14/2017,enim.Nunc.ut@ametconsectetuer.com,22762,60,176
10000100,5/7/2015,nulla.Integer.urna@Sed.edu,59180,30,737
10000100,10/15/2015,nunc.ullamcorper.eu@Aenean.com,61540,20,439
10000100,3/14/2016,urna@elitNullafacilisi.org,92055,65,191
10000100,5/27/2016,vehicula.aliquet@elitEtiamlaoreet.com,94683,30,529
10000101,6/19/2016,arcu.iaculis.enim@facilisis.com,06265,30,235
10000101,6/10/2016,Donec.dignissim@eu.net,15971,30,818
10000101,9/20/2015,Donec@In.net,16928,50,44
10000101,3/8/2016,eget.nisi@a.net,19693,40,1149
10000101,10/22/2016,lacinia.orci.consectetuer@purusgravida.net,37237,50,717
10000101,3/1/2015,mauris.blandit.mattis@tempordiam.com,47005,40,1352
10000101,10/29/2015,netus.et@blanditenim.com,55782,30,457
10000102,11/9/2015,Aenean.eget@diamDuismi.com,04343,17,199
10000102,7/3/2015,arcu.Vestibulum.ut@dignissim.org,06959,50,355
10000102,10/31/2015,nibh.enim@Vestibulum.edu,55860,40,408
10000102,5/13/2015,orci@faucibusleoin.com,63128,50,719
10000102,6/24/2016,sem.elit.pharetra@euultricessit.net,77359,60,780
10000102,12/4/2015,Ut.nec@accumsanconvallis.com,92538,40,1410
10000102,11/13/2016,varius@amifringilla.net,94422,30,1288
10000103,1/25/2016,accumsan.convallis@nec.org,03474,40,16
10000103,1/26/2015,elit@placerataugue.com,21531,20,339
10000103,2/11/2016,et.magnis@tempuslorem.com,24453,60,1219
10000103,8/31/2015,Praesent.eu@turpisnec.edu,68237,60,897
10000103,7/13/2015,Praesent@magna.org,68473,65,27
10000103,9/9/2015,ridiculus.mus.Proin@Proin.com,72423,20,1304
10000103,4/24/2016,rutrum.Fusce.dolor@lectuspedeultrices.org,72784,40,749
10000104,9/9/2016,arcu@parturientmontes.com,07057,50,327
10000104,1/16/2016,Cras@Nunclaoreetlectus.net,11412,50,439
10000104,11/12/2016,Cum@venenatis.edu,11983,60,793
10000104,12/3/2016,erat.Sed.nunc@justo.com,23479,65,1119
10000104,5/7/2016,neque.venenatis.lacus@interdum.com,54993,60,702
10000104,4/18/2016,non@enim.com,57689,50,395
10000104,3/18/2015,senectus.et.netus@estMauris.com,79316,65,1114
10000105,8/14/2016,a@montes.org,02795,20,339
10000105,12/6/2015,at@nequetellusimperdiet.edu,08299,30,30
10000105,12/9/2015,Donec.egestas@malesuadavel.net,16187,17,938
10000105,11/16/2015,eget.dictum.placerat@faucibuslectus.com,18753,30,584
10000105,6/15/2016,elit.pellentesque.a@tinciduntnequevitae.edu,20819,17,1206
10000105,12/20/2015,lobortis.nisi@amet.edu,41114,50,659
10000105,4/23/2016,Sed.malesuada.augue@ametrisusDonec.com,75982,40,418
10000106,1/10/2016,dolor.sit.amet@vulputate.com,15645,17,150
10000106,1/23/2016,dolor@Sedeget.edu,15804,20,34
10000106,12/26/2015,lorem.vehicula@pretium.com,42092,17,1193
10000106,1/28/2016,neque.Nullam.ut@viverraDonectempus.com,54206,50,1403
10000106,1/31/2016,Nulla@ullamcorper.com,59988,40,394
10000106,1/4/2017,tincidunt.Donec@risus.org,87099,17,823
10000106,5/19/2016,vitae.sodales@tellus.com,98059,40,994
10000107,3/7/2015,a.feugiat@semperpretium.com,02040,40,342
10000107,3/7/2015,amet.consectetuer@duinectempus.org,05613,20,186
10000107,6/24/2016,ante@arcu.com,05860,20,348
10000107,10/12/2016,elit@Duissit.com,21097,50,1409
10000107,6/25/2015,Mauris@aliquet.net,47281,65,1037
10000107,8/25/2015,nibh.Quisque@eratEtiam.org,55920,20,417
10000107,7/22/2015,nulla.ante@etarcuimperdiet.com,58373,17,501
10000108,7/28/2015,augue@nisl.net,08969,50,148
10000108,12/31/2015,dictum@lacus.com,14882,60,20
10000108,12/9/2015,faucibus@laoreetposuere.com,28506,30,972
10000108,9/1/2016,Nam.tempor@rhoncus.com,51601,50,418
10000108,7/16/2015,Nullam@tortordictumeu.org,60480,40,674
10000108,9/11/2016,sociosqu.ad.litora@veliteusem.com,81870,20,63
10000108,8/15/2015,vitae.posuere@lacusvarius.edu,97677,17,529
10000109,10/12/2015,diam.at.pretium@ante.net,13868,65,902
10000109,12/27/2015,est.Nunc.laoreet@sapienNunc.com,24353,40,867
10000109,12/21/2016,lorem.ac.risus@Quisque.com,41516,40,306
10000109,3/27/2015,mauris@aaliquetvel.com,47251,30,841
10000109,1/24/2016,neque.sed.dictum@ametluctusvulputate.edu,54690,65,1101
10000109,2/23/2016,Nunc@necurna.com,62258,65,914
10000109,7/20/2015,quis.diam@Aliquamauctorvelit.net,70953,17,836
